OKR,√Årea del Banco,ID Epica,Costo,Equipo,Ciclo de desarrollo,Fecha de inicio,Fecha de fin
200,Cumplimiento,894,18632,equipo 1,hibrido,"Oct 1, 2023 6:41 PM","Sep 19, 2023 2:09 PM"
200,Tecnologia,271,40403,equipo 5 ,hibrido,"Nov 4, 2023 11:06 AM","Feb 21, 2024 7:31 PM"
300,Tecnologia,575,23088,equipo 6,agil,"Aug 10, 2023 4:21 AM","Jun 27, 2024 7:03 AM"
200,Gente,684,24465,equipo 6,hibrido,"Feb 4, 2024 9:47 PM","Feb 26, 2024 11:34 PM"
400,Tecnologia,993,2157,equipo 5 ,agil,"Oct 24, 2023 11:31 AM","Apr 26, 2024 4:03 AM"
200,Cumplimiento,835,43436,equipo 3,hibrido,"Oct 17, 2023 1:19 PM","May 17, 2024 9:30 PM"
200,Credito,405,12114,equipo 4,hibrido,"Feb 15, 2024 11:47 AM","Sep 21, 2023 1:29 PM"
200,Payments,324,42346,equipo 3,hibrido,"Feb 6, 2024 5:59 PM","Aug 19, 2023 3:24 PM"
400,Payments,662,40697,equipo 4,agil,"Jan 25, 2024 11:16 PM","Apr 29, 2024 11:41 AM"
300,Zona Libre,389,13886,equipo 4,agil,"Sep 3, 2023 7:21 PM","Mar 3, 2024 11:05 PM"
400,Gente,974,23399,equipo 1,agil,"Jan 25, 2024 9:04 AM","Nov 1, 2023 3:53 AM"
300,Gente,306,36002,equipo 4,agil,"Aug 7, 2023 12:27 PM","Oct 15, 2023 5:57 PM"
300,Credito,473,27734,equipo 7,agil,"Jul 25, 2023 11:34 AM","Jul 2, 2023 11:51 AM"
300,Credito,479,12308,equipo 5 ,hibrido,"Oct 26, 2023 4:32 PM","Nov 5, 2023 10:31 PM"
300,Payments,918,14439,equipo 2,agil,"May 4, 2024 6:31 PM","Sep 25, 2023 6:56 AM"
200,Operaciones,668,18927,equipo 2,hibrido,"Aug 10, 2023 3:45 PM","Mar 24, 2024 11:19 AM"
100,Gente,472,30955,equipo 3,agil,"Apr 22, 2024 5:13 AM","Aug 13, 2023 11:45 PM"
100,Cumplimiento,846,4496,equipo 6,hibrido,"Oct 18, 2023 2:52 AM","Apr 19, 2024 2:21 PM"
200,Tecnologia,844,33051,equipo 5 ,agil,"Feb 2, 2024 4:05 AM","Dec 23, 2023 8:20 PM"
500,Cumplimiento,883,32961,equipo 2,agil,"Apr 11, 2024 6:00 AM","Nov 5, 2023 2:07 PM"
200,Tecnologia,586,32673,equipo 3,agil,"Feb 4, 2024 4:15 AM","Feb 11, 2024 9:10 PM"
100,Zona Libre,539,40136,equipo 4,agil,"Mar 20, 2024 8:13 AM","Sep 19, 2023 2:56 PM"
300,Gente,375,25548,equipo 6,hibrido,"Mar 31, 2024 2:59 AM","Apr 10, 2024 11:44 PM"
200,Credito,590,36662,equipo 7,agil,"Apr 23, 2024 8:04 AM","Jun 23, 2024 8:30 AM"
200,Operaciones,936,29180,equipo 3,hibrido,"Jun 14, 2024 9:07 PM","Apr 22, 2024 11:59 PM"
300,Gente,398,25592,equipo 3,agil,"Oct 20, 2023 3:53 AM","Sep 17, 2023 2:34 PM"
400,Operaciones,879,22729,equipo 3,hibrido,"Oct 12, 2023 12:06 AM","May 31, 2024 5:43 AM"
400,Cumplimiento,302,4322,equipo 3,agil,"Nov 22, 2023 6:01 PM","Mar 18, 2024 8:17 PM"
400,Operaciones,814,40764,equipo 2,agil,"Jun 28, 2023 8:03 PM","Jul 28, 2023 11:54 AM"
300,Gente,991,15388,equipo 2,agil,"Nov 25, 2023 3:48 PM","Aug 30, 2023 2:22 PM"
200,Gente,750,31477,equipo 1,agil,"Dec 30, 2023 5:23 AM","Jan 28, 2024 8:57 AM"
400,Cumplimiento,890,11954,equipo 4,agil,"Jul 13, 2023 1:15 AM","Nov 24, 2023 8:32 PM"
500,Credito,420,16725,equipo 4,hibrido,"Sep 17, 2023 9:49 PM","Apr 26, 2024 10:14 AM"
300,Payments,928,1271,equipo 3,hibrido,"Sep 7, 2023 11:30 PM","Jun 10, 2024 4:05 AM"
300,Gente,465,25671,equipo 1,hibrido,"Dec 16, 2023 10:00 PM","Jan 20, 2024 7:48 AM"
300,Credito,740,22658,equipo 7,hibrido,"Nov 26, 2023 4:24 AM","Nov 11, 2023 5:21 AM"
400,Operaciones,303,4787,equipo 5 ,hibrido,"Aug 15, 2023 10:18 AM","Oct 9, 2023 12:25 PM"
400,Payments,830,32596,equipo 6,agil,"Aug 24, 2023 4:24 PM","Sep 14, 2023 10:47 AM"
300,Credito,953,23414,equipo 3,hibrido,"Jun 6, 2023 3:36 AM","Aug 21, 2023 8:26 PM"
200,Gente,345,25032,equipo 3,agil,"Apr 30, 2024 3:40 AM","Oct 1, 2023 6:23 PM"
300,Gente,826,44824,equipo 7,agil,"Oct 14, 2023 8:15 PM","Apr 17, 2024 3:58 PM"
300,Credito,268,20530,equipo 3,agil,"Jun 8, 2024 12:00 AM","Jun 30, 2024 8:54 AM"
200,Gente,476,27491,equipo 2,hibrido,"Jul 21, 2023 8:25 PM","Feb 2, 2024 6:25 PM"
100,Cumplimiento,401,22501,equipo 3,agil,"May 5, 2024 2:52 AM","Jun 4, 2024 12:40 PM"
400,Gente,456,24449,equipo 6,agil,"Dec 6, 2023 1:44 PM","Jul 24, 2023 2:28 AM"
500,Gente,308,20159,equipo 3,hibrido,"Jun 12, 2024 7:28 PM","Feb 13, 2024 7:54 AM"
400,Zona Libre,850,3655,equipo 7,agil,"Dec 7, 2023 9:40 PM","Nov 24, 2023 10:19 AM"
200,Credito,646,2448,equipo 1,agil,"Dec 7, 2023 10:07 AM","Mar 5, 2024 2:45 AM"
400,Cumplimiento,633,9820,equipo 3,hibrido,"Dec 24, 2023 9:56 AM","Apr 10, 2024 10:29 AM"
500,Zona Libre,885,13168,equipo 1,agil,"Jun 4, 2024 5:21 AM","Nov 2, 2023 2:43 AM"
300,Credito,622,30299,equipo 3,agil,"Jul 9, 2023 5:54 AM","Aug 10, 2023 4:02 AM"
100,Operaciones,470,6327,equipo 6,agil,"Sep 25, 2023 11:32 AM","Apr 6, 2024 1:14 PM"
100,Cumplimiento,798,18335,equipo 3,hibrido,"Aug 8, 2023 6:28 AM","Apr 9, 2024 1:14 PM"
200,Gente,597,27282,equipo 4,hibrido,"Oct 10, 2023 7:47 PM","Nov 30, 2023 11:59 PM"
400,Gente,865,32813,equipo 6,hibrido,"Jan 2, 2024 10:57 PM","Aug 24, 2023 7:18 AM"
200,Operaciones,629,5541,equipo 5 ,agil,"Feb 27, 2024 5:50 PM","Dec 31, 2023 10:07 AM"
400,Payments,684,8203,equipo 3,hibrido,"Aug 16, 2023 7:21 AM","Dec 29, 2023 5:03 AM"
400,Credito,388,39382,equipo 3,agil,"Jul 25, 2023 7:52 PM","Apr 4, 2024 10:24 PM"
200,Gente,561,34350,equipo 6,agil,"Mar 9, 2024 12:03 AM","May 19, 2024 4:24 PM"
400,Payments,788,43387,equipo 4,hibrido,"Mar 13, 2024 11:47 AM","Dec 1, 2023 8:40 AM"
200,Cumplimiento,313,8328,equipo 5 ,hibrido,"Jun 16, 2023 5:08 AM","Feb 25, 2024 10:57 PM"
400,Operaciones,904,5035,equipo 3,agil,"Jul 31, 2023 12:43 PM","Dec 26, 2023 8:07 PM"
300,Credito,293,32109,equipo 1,hibrido,"May 29, 2024 7:36 PM","Mar 7, 2024 2:32 PM"
400,Operaciones,305,8323,equipo 4,agil,"Aug 5, 2023 12:06 AM","Oct 18, 2023 11:56 AM"
300,Tecnologia,877,27043,equipo 3,hibrido,"Apr 21, 2024 8:54 PM","Sep 16, 2023 6:01 AM"
400,Cumplimiento,827,20185,equipo 1,hibrido,"Jan 12, 2024 9:06 PM","Dec 10, 2023 11:12 PM"
400,Zona Libre,923,5592,equipo 3,hibrido,"Sep 15, 2023 8:27 PM","Nov 21, 2023 1:26 PM"
400,Gente,621,15431,equipo 2,agil,"Dec 13, 2023 10:48 PM","Aug 29, 2023 4:19 AM"
200,Credito,516,5283,equipo 1,agil,"Sep 7, 2023 4:33 AM","Apr 17, 2024 4:18 PM"
300,Gente,975,12162,equipo 5 ,agil,"Mar 31, 2024 8:48 AM","Jan 8, 2024 10:46 PM"
100,Tecnologia,600,7480,equipo 2,hibrido,"Sep 19, 2023 3:42 PM","May 20, 2024 1:46 AM"
500,Gente,749,5308,equipo 1,agil,"Jan 28, 2024 7:25 PM","Mar 23, 2024 6:56 AM"
400,Credito,381,17344,equipo 3,agil,"Mar 13, 2024 1:33 PM","Dec 3, 2023 8:34 AM"
400,Zona Libre,760,24267,equipo 2,hibrido,"Jul 3, 2023 10:14 PM","Nov 30, 2023 12:38 AM"
200,Zona Libre,457,6848,equipo 6,agil,"Jun 9, 2024 1:43 AM","Sep 3, 2023 3:47 PM"
500,Gente,603,40871,equipo 3,hibrido,"Sep 23, 2023 4:29 PM","Oct 5, 2023 2:51 PM"
200,Cumplimiento,605,15871,equipo 2,agil,"May 22, 2024 10:37 PM","Sep 14, 2023 12:50 PM"
400,Payments,576,42336,equipo 3,agil,"May 15, 2024 2:35 PM","Dec 12, 2023 4:41 PM"
400,Operaciones,857,22260,equipo 5 ,hibrido,"Aug 14, 2023 4:14 PM","Sep 16, 2023 7:39 AM"
500,Payments,552,33512,equipo 7,agil,"Dec 14, 2023 1:25 AM","Jul 6, 2023 9:39 AM"
400,Zona Libre,668,10487,equipo 4,hibrido,"Jun 8, 2024 7:02 PM","Nov 4, 2023 11:23 PM"
400,Zona Libre,509,26666,equipo 3,agil,"Jul 19, 2023 1:22 PM","Sep 4, 2023 3:46 AM"
400,Zona Libre,445,2119,equipo 2,hibrido,"Jul 19, 2023 11:57 PM","May 13, 2024 12:27 PM"
200,Cumplimiento,560,9258,equipo 5 ,hibrido,"Sep 17, 2023 6:25 AM","Mar 10, 2024 2:28 AM"
400,Cumplimiento,947,10096,equipo 2,agil,"Oct 18, 2023 6:21 PM","Oct 19, 2023 4:18 PM"
400,Gente,730,40695,equipo 5 ,agil,"Nov 26, 2023 1:41 AM","Feb 19, 2024 2:26 PM"
500,Cumplimiento,408,36768,equipo 4,agil,"May 30, 2024 9:44 PM","Jun 28, 2024 12:07 AM"
300,Payments,907,19503,equipo 5 ,hibrido,"Feb 2, 2024 6:02 PM","Feb 9, 2024 7:30 PM"
100,Tecnologia,385,30873,equipo 1,hibrido,"Jun 14, 2024 3:21 AM","Jul 22, 2023 9:07 PM"
400,Operaciones,973,30655,equipo 6,agil,"Jun 7, 2023 5:33 PM","Jul 1, 2024 6:30 PM"
300,Cumplimiento,997,25474,equipo 3,agil,"Sep 2, 2023 1:51 AM","Sep 5, 2023 7:18 PM"
200,Gente,509,38507,equipo 5 ,agil,"Sep 3, 2023 5:31 AM","Mar 18, 2024 11:42 PM"
300,Operaciones,768,31592,equipo 5 ,agil,"May 9, 2024 12:07 AM","Feb 3, 2024 12:11 AM"
200,Zona Libre,392,20501,equipo 7,agil,"Oct 7, 2023 2:33 AM","Dec 16, 2023 7:26 AM"
300,Tecnologia,541,4782,equipo 6,hibrido,"Feb 1, 2024 3:48 AM","Jun 13, 2024 4:11 AM"
500,Operaciones,630,26471,equipo 1,agil,"Jan 24, 2024 3:01 PM","Mar 31, 2024 2:28 PM"
200,Credito,844,33874,equipo 1,agil,"Jun 3, 2023 9:00 AM","Mar 5, 2024 6:00 PM"
500,Cumplimiento,960,41208,equipo 7,hibrido,"Apr 12, 2024 1:56 PM","Apr 4, 2024 8:36 AM"
400,Payments,458,21745,equipo 3,hibrido,"Mar 5, 2024 5:43 PM","Jun 5, 2024 1:31 PM"
400,Operaciones,632,9234,equipo 5 ,agil,"Apr 26, 2024 8:28 AM","Sep 8, 2023 3:48 PM"
300,Payments,603,43941,equipo 4,agil,"Sep 6, 2023 7:32 PM","Dec 30, 2023 10:20 AM"
300,Credito,380,17122,equipo 4,hibrido,"Jul 15, 2023 11:54 PM","Jan 7, 2024 7:03 PM"
200,Zona Libre,446,28999,equipo 6,agil,"Nov 17, 2023 6:45 PM","Jul 3, 2023 4:47 AM"
100,Zona Libre,772,24674,equipo 4,hibrido,"Jan 22, 2024 11:35 PM","Dec 14, 2023 9:55 PM"
200,Zona Libre,454,21767,equipo 3,hibrido,"Jan 27, 2024 3:11 PM","Sep 2, 2023 1:47 PM"
500,Zona Libre,670,29158,equipo 1,agil,"Apr 23, 2024 8:57 PM","May 6, 2024 7:13 AM"
400,Gente,257,44948,equipo 4,hibrido,"Aug 29, 2023 9:59 PM","Mar 5, 2024 4:16 PM"
100,Payments,361,3465,equipo 4,agil,"Jan 31, 2024 10:51 AM","Jun 1, 2024 9:39 AM"
400,Zona Libre,707,32678,equipo 2,agil,"Jun 25, 2023 8:29 PM","Feb 1, 2024 1:32 PM"
200,Operaciones,800,33719,equipo 3,hibrido,"Jul 29, 2023 9:33 AM","Jun 23, 2024 4:47 AM"
200,Cumplimiento,993,13363,equipo 2,agil,"Jun 3, 2024 3:05 AM","Dec 12, 2023 12:51 AM"
100,Operaciones,754,36975,equipo 2,hibrido,"Oct 16, 2023 3:22 AM","Oct 27, 2023 5:48 PM"
300,Credito,796,24406,equipo 4,hibrido,"May 29, 2024 5:34 PM","Feb 27, 2024 11:33 AM"
200,Corporativa,263,42011,equipo 6,agil,"Jun 14, 2023 7:43 PM","Mar 20, 2024 7:27 PM"
400,Zona Libre,964,28700,equipo 5 ,agil,"Apr 11, 2024 9:15 AM","May 16, 2024 3:23 AM"
400,Zona Libre,504,42241,equipo 7,agil,"Sep 6, 2023 3:10 PM","Jun 27, 2024 7:23 PM"
200,Corporativa,980,5406,equipo 7,hibrido,"Jun 1, 2023 2:33 AM","Dec 11, 2023 4:43 PM"
300,Gente,609,27920,equipo 7,hibrido,"Jun 5, 2024 2:45 AM","Apr 6, 2024 10:10 AM"
200,Zona Libre,591,20340,equipo 3,agil,"Jul 13, 2023 3:58 PM","Jul 21, 2023 12:39 PM"
500,Payments,882,39981,equipo 5 ,agil,"Jun 30, 2023 11:25 PM","Mar 4, 2024 1:15 AM"
300,Operaciones,696,27517,equipo 6,agil,"Jan 26, 2024 6:29 AM","Oct 5, 2023 4:16 AM"
200,Credito,973,1491,equipo 3,hibrido,"Jul 6, 2023 3:51 PM","Dec 22, 2023 2:02 PM"
100,Zona Libre,412,40635,equipo 7,agil,"Jul 29, 2023 1:27 AM","Jan 10, 2024 4:57 PM"
200,Operaciones,686,14930,equipo 5 ,agil,"Feb 17, 2024 4:50 AM","Jun 23, 2024 9:23 PM"
200,Tecnologia,785,3209,equipo 5 ,agil,"Sep 18, 2023 6:56 PM","Sep 11, 2023 6:35 PM"
100,Credito,645,13053,equipo 3,agil,"Jul 19, 2023 10:37 PM","Mar 14, 2024 7:00 PM"
100,Cumplimiento,845,16366,equipo 5 ,hibrido,"Apr 15, 2024 7:12 AM","Jan 9, 2024 10:36 PM"
400,Credito,271,1931,equipo 3,agil,"Sep 20, 2023 4:26 AM","Jun 23, 2024 1:18 AM"
100,Zona Libre,615,43956,equipo 2,agil,"Dec 5, 2023 12:20 PM","Apr 14, 2024 1:55 PM"
300,Cumplimiento,880,14916,equipo 3,hibrido,"Oct 19, 2023 7:09 PM","Dec 6, 2023 7:07 PM"
500,Cumplimiento,295,33916,equipo 4,hibrido,"Jan 10, 2024 9:45 PM","Jul 28, 2023 2:48 AM"
400,Corporativa,688,30453,equipo 5 ,agil,"Jun 12, 2024 10:26 PM","Jul 10, 2023 11:37 PM"
200,Cumplimiento,800,31697,equipo 6,hibrido,"Aug 9, 2023 5:00 AM","May 27, 2024 12:37 AM"
100,Tecnologia,755,14445,equipo 6,hibrido,"Jan 6, 2024 5:05 PM","Feb 6, 2024 12:40 AM"
300,Cumplimiento,607,21681,equipo 2,agil,"Apr 20, 2024 6:28 AM","Nov 25, 2023 3:30 AM"
400,Zona Libre,541,37773,equipo 4,hibrido,"Jun 18, 2023 8:17 AM","Aug 4, 2023 1:18 PM"
200,Payments,725,3298,equipo 6,agil,"Jul 4, 2023 9:38 AM","Oct 23, 2023 2:33 AM"
500,Cumplimiento,270,29915,equipo 6,agil,"Mar 29, 2024 11:22 PM","Jul 1, 2024 9:40 PM"
400,Zona Libre,838,29150,equipo 5 ,hibrido,"Aug 16, 2023 4:28 PM","Jan 17, 2024 2:49 AM"
400,Operaciones,928,11650,equipo 6,hibrido,"Nov 22, 2023 12:13 PM","Mar 1, 2024 1:25 PM"
200,Zona Libre,546,22320,equipo 3,agil,"Apr 19, 2024 6:19 AM","Jun 5, 2024 3:58 AM"
500,Credito,717,12415,equipo 1,hibrido,"Mar 28, 2024 10:04 AM","May 18, 2024 8:18 PM"
100,Tecnologia,898,39483,equipo 2,agil,"Jan 2, 2024 5:03 PM","Apr 4, 2024 2:48 AM"
300,Zona Libre,839,37859,equipo 3,agil,"Jul 19, 2023 8:14 AM","Aug 21, 2023 11:24 AM"
300,Zona Libre,314,37606,equipo 6,agil,"Oct 10, 2023 2:55 PM","Sep 16, 2023 6:00 PM"
400,Gente,429,20410,equipo 7,hibrido,"Aug 3, 2023 12:42 PM","Jul 30, 2023 1:48 AM"
500,Cumplimiento,719,34891,equipo 7,agil,"Jul 10, 2023 7:28 AM","Nov 11, 2023 6:24 PM"
400,Zona Libre,257,40922,equipo 3,hibrido,"Mar 10, 2024 11:09 AM","Apr 16, 2024 1:54 PM"
400,Corporativa,254,1482,equipo 6,hibrido,"Jul 17, 2023 3:26 PM","Aug 14, 2023 3:50 PM"
400,Zona Libre,824,43038,equipo 5 ,agil,"Aug 16, 2023 4:12 AM","Sep 27, 2023 1:09 AM"
400,Gente,402,6915,equipo 1,hibrido,"May 24, 2024 3:40 PM","Jul 18, 2023 5:35 AM"
100,Gente,422,40110,equipo 5 ,hibrido,"Mar 8, 2024 3:19 PM","Jun 7, 2024 8:45 AM"
300,Gente,660,25936,equipo 4,hibrido,"Oct 16, 2023 1:11 PM","Apr 27, 2024 10:31 AM"
400,Operaciones,751,18277,equipo 2,agil,"Dec 29, 2023 10:23 PM","Mar 18, 2024 1:40 AM"
500,Zona Libre,967,24493,equipo 4,agil,"May 18, 2024 11:38 PM","Apr 27, 2024 1:58 AM"
300,Operaciones,500,42386,equipo 5 ,agil,"Aug 6, 2023 11:54 PM","Apr 25, 2024 1:33 PM"
500,Cumplimiento,790,1300,equipo 6,hibrido,"May 21, 2024 9:04 PM","Aug 6, 2023 5:52 PM"
200,Cumplimiento,890,8823,equipo 7,hibrido,"Apr 16, 2024 10:22 AM","Jul 2, 2023 4:34 AM"
300,Credito,814,15376,equipo 4,hibrido,"Apr 28, 2024 1:59 PM","Dec 31, 2023 6:13 AM"
300,Operaciones,673,16151,equipo 5 ,hibrido,"Feb 25, 2024 2:33 AM","Dec 4, 2023 9:04 AM"
500,Credito,728,17849,equipo 6,hibrido,"Jan 10, 2024 10:23 PM","Feb 16, 2024 11:27 AM"
400,Zona Libre,583,12836,equipo 7,hibrido,"May 21, 2024 4:12 PM","Feb 28, 2024 8:48 AM"
300,Zona Libre,311,37527,equipo 6,hibrido,"Oct 2, 2023 4:57 PM","Aug 31, 2023 6:07 PM"
500,Cumplimiento,459,40975,equipo 7,agil,"Mar 31, 2024 4:09 PM","Dec 30, 2023 1:40 PM"
200,Cumplimiento,961,15310,equipo 2,agil,"Jun 7, 2024 12:18 PM","May 22, 2024 3:58 AM"
400,Operaciones,818,20410,equipo 5 ,agil,"Mar 1, 2024 4:09 PM","Nov 22, 2023 2:08 AM"
100,Operaciones,469,22698,equipo 6,agil,"Jul 15, 2023 7:44 AM","Jan 20, 2024 1:25 AM"
100,Operaciones,599,32257,equipo 5 ,agil,"Dec 6, 2023 10:32 AM","Mar 17, 2024 4:33 PM"
200,Credito,546,32453,equipo 5 ,hibrido,"Apr 27, 2024 1:21 PM","Jan 11, 2024 12:08 PM"
100,Tecnologia,808,3722,equipo 7,agil,"Jul 1, 2023 9:06 PM","May 12, 2024 3:06 PM"
300,Operaciones,565,3370,equipo 3,agil,"Jan 29, 2024 4:30 AM","Mar 11, 2024 9:45 AM"
500,Cumplimiento,377,28806,equipo 5 ,hibrido,"Feb 25, 2024 3:31 AM","Mar 4, 2024 7:04 PM"
400,Zona Libre,992,30407,equipo 6,agil,"Oct 18, 2023 1:24 PM","Mar 7, 2024 10:55 AM"
200,Credito,388,28373,equipo 6,hibrido,"Mar 1, 2024 4:01 PM","Nov 10, 2023 3:16 AM"
300,Operaciones,287,9759,equipo 4,agil,"Jun 7, 2023 2:41 AM","Sep 17, 2023 4:29 AM"
400,Gente,753,41801,equipo 6,agil,"Sep 20, 2023 12:02 AM","Nov 11, 2023 5:48 PM"
300,Zona Libre,546,22251,equipo 7,hibrido,"Jun 23, 2023 9:28 AM","Feb 17, 2024 8:11 AM"
200,Operaciones,903,43711,equipo 5 ,agil,"Oct 24, 2023 3:42 PM","Nov 9, 2023 9:35 PM"
400,Credito,904,8720,equipo 3,agil,"Feb 4, 2024 6:33 AM","Jan 14, 2024 1:38 AM"
400,Zona Libre,508,14659,equipo 6,agil,"Nov 4, 2023 1:14 AM","Apr 11, 2024 5:58 PM"
300,Credito,263,33256,equipo 2,hibrido,"Jul 28, 2023 10:44 PM","Dec 28, 2023 12:17 PM"
300,Cumplimiento,494,7887,equipo 4,agil,"Apr 4, 2024 11:30 PM","Jun 3, 2024 3:57 AM"
200,Operaciones,269,19181,equipo 5 ,agil,"Feb 24, 2024 11:57 PM","May 16, 2024 10:26 PM"
300,Credito,659,26582,equipo 7,agil,"Mar 18, 2024 10:06 AM","Mar 29, 2024 1:27 AM"
500,Cumplimiento,387,20223,equipo 6,hibrido,"Dec 28, 2023 9:43 PM","Dec 6, 2023 2:53 AM"
300,Cumplimiento,694,25680,equipo 3,agil,"Mar 23, 2024 7:08 AM","Feb 20, 2024 5:41 PM"
300,Payments,582,19660,equipo 6,hibrido,"Oct 13, 2023 10:50 PM","Jul 8, 2023 12:31 AM"
400,Credito,292,21648,equipo 3,hibrido,"Oct 30, 2023 5:58 PM","Dec 1, 2023 4:22 PM"
100,Credito,770,10719,equipo 7,hibrido,"Apr 5, 2024 5:28 PM","Jan 13, 2024 1:19 PM"
200,Payments,751,7351,equipo 3,hibrido,"Aug 25, 2023 8:49 AM","Jan 15, 2024 12:05 AM"
200,Gente,657,28086,equipo 3,agil,"Apr 20, 2024 12:15 PM","Dec 25, 2023 8:51 AM"
300,Payments,550,13870,equipo 2,agil,"Sep 19, 2023 11:10 PM","Nov 9, 2023 9:16 AM"
400,Payments,413,5837,equipo 2,hibrido,"Mar 23, 2024 8:34 PM","Sep 30, 2023 7:04 PM"
200,Zona Libre,314,24988,equipo 7,hibrido,"Jul 27, 2023 4:48 PM","Jun 17, 2024 10:22 AM"
400,Payments,576,32241,equipo 3,hibrido,"Feb 27, 2024 6:41 AM","Mar 4, 2024 1:39 AM"
400,Gente,850,2705,equipo 5 ,agil,"Nov 15, 2023 10:39 PM","Jan 9, 2024 8:52 AM"
400,Gente,478,29504,equipo 4,agil,"Apr 10, 2024 3:35 PM","Apr 8, 2024 12:42 AM"
200,Gente,877,10071,equipo 6,agil,"Jul 25, 2023 6:43 AM","Nov 2, 2023 4:37 AM"
400,Gente,878,29366,equipo 2,agil,"Feb 25, 2024 6:26 AM","Nov 8, 2023 1:24 PM"
200,Credito,739,32334,equipo 4,hibrido,"Dec 10, 2023 6:30 PM","Dec 10, 2023 1:20 PM"
100,Payments,354,9647,equipo 2,hibrido,"Oct 19, 2023 5:18 PM","Jun 30, 2024 1:52 PM"
200,Credito,883,3361,equipo 7,hibrido,"Feb 22, 2024 8:44 AM","Oct 17, 2023 12:55 AM"
400,Zona Libre,346,42144,equipo 6,agil,"Oct 2, 2023 3:59 AM","May 3, 2024 3:22 PM"
200,Tecnologia,746,33714,equipo 2,hibrido,"Jun 17, 2023 5:25 PM","Nov 25, 2023 7:36 AM"
300,Gente,367,13047,equipo 2,hibrido,"Jul 25, 2023 2:11 PM","Mar 23, 2024 3:31 PM"
100,Tecnologia,738,32555,equipo 6,agil,"Nov 3, 2023 5:31 AM","May 13, 2024 2:28 AM"
400,Corporativa,828,3877,equipo 4,hibrido,"Mar 11, 2024 5:21 AM","May 14, 2024 8:25 PM"
300,Corporativa,402,34520,equipo 4,hibrido,"Jan 22, 2024 10:56 PM","Jun 21, 2024 11:33 AM"
400,Cumplimiento,927,28989,equipo 4,hibrido,"May 2, 2024 11:06 AM","Mar 30, 2024 1:44 AM"
400,Corporativa,954,14816,equipo 4,agil,"Jun 13, 2023 4:43 AM","Apr 24, 2024 9:20 PM"
200,Tecnologia,379,32257,equipo 6,agil,"Feb 20, 2024 8:02 AM","Mar 25, 2024 2:02 AM"
400,Cumplimiento,514,23490,equipo 4,hibrido,"Jun 18, 2023 6:18 PM","Feb 4, 2024 4:15 AM"
300,Zona Libre,782,4096,equipo 7,agil,"Aug 10, 2023 10:09 AM","Nov 25, 2023 7:46 AM"
500,Gente,658,28244,equipo 1,agil,"Oct 14, 2023 1:36 PM","Feb 5, 2024 10:07 PM"
400,Zona Libre,399,12607,equipo 6,hibrido,"Sep 29, 2023 3:13 AM","May 27, 2024 1:22 PM"
300,Operaciones,728,28881,equipo 5 ,hibrido,"Mar 31, 2024 2:32 AM","May 31, 2024 5:19 PM"
200,Gente,608,35078,equipo 5 ,agil,"Jul 3, 2023 7:55 PM","Oct 5, 2023 8:01 PM"
200,Payments,771,32154,equipo 5 ,hibrido,"Jun 6, 2024 6:26 AM","Mar 30, 2024 9:58 PM"
300,Credito,915,10213,equipo 4,agil,"May 10, 2024 5:37 PM","Feb 12, 2024 4:04 PM"
100,Payments,421,38815,equipo 6,agil,"May 26, 2024 7:06 PM","Jan 5, 2024 9:08 AM"
200,Operaciones,449,28297,equipo 5 ,agil,"Jan 11, 2024 7:50 PM","Feb 26, 2024 6:08 PM"
400,Gente,877,31261,equipo 4,hibrido,"Apr 13, 2024 4:53 PM","May 22, 2024 11:33 AM"
200,Gente,782,10140,equipo 4,hibrido,"Apr 16, 2024 6:58 PM","Feb 19, 2024 7:11 PM"
200,Zona Libre,401,41521,equipo 1,hibrido,"Feb 1, 2024 12:39 AM","Sep 2, 2023 12:00 PM"
200,Zona Libre,494,13614,equipo 5 ,agil,"Sep 9, 2023 11:53 PM","Aug 30, 2023 4:29 AM"
500,Operaciones,825,32169,equipo 4,hibrido,"Dec 12, 2023 2:38 PM","Sep 10, 2023 4:04 PM"
200,Zona Libre,716,27399,equipo 5 ,agil,"Jan 12, 2024 2:36 AM","Jun 17, 2024 5:22 PM"
200,Corporativa,288,22560,equipo 5 ,hibrido,"Jun 13, 2024 1:07 AM","Jan 26, 2024 5:23 PM"
200,Operaciones,870,3053,equipo 3,hibrido,"Nov 8, 2023 1:05 AM","Aug 12, 2023 4:08 PM"
300,Payments,384,15634,equipo 5 ,agil,"Jan 8, 2024 4:45 PM","Aug 8, 2023 6:31 PM"
200,Zona Libre,992,4090,equipo 5 ,hibrido,"Mar 30, 2024 4:40 PM","Dec 1, 2023 6:32 AM"
200,Gente,560,15160,equipo 6,hibrido,"Jan 18, 2024 7:41 AM","Jun 6, 2024 12:59 PM"
200,Cumplimiento,391,37203,equipo 5 ,hibrido,"Aug 29, 2023 11:11 PM","Sep 6, 2023 7:48 AM"
500,Gente,439,13644,equipo 3,hibrido,"Mar 7, 2024 4:55 PM","Mar 8, 2024 9:57 PM"
500,Payments,917,12719,equipo 2,agil,"Jul 14, 2023 12:09 PM","Dec 20, 2023 4:27 AM"
300,Zona Libre,777,31460,equipo 6,hibrido,"Nov 15, 2023 2:33 PM","Dec 19, 2023 11:33 AM"
400,Cumplimiento,808,33533,equipo 7,hibrido,"May 27, 2024 6:55 PM","Jul 17, 2023 8:03 PM"
400,Cumplimiento,341,33319,equipo 2,agil,"Oct 15, 2023 10:27 PM","Jun 21, 2024 10:28 AM"
300,Operaciones,610,7766,equipo 4,agil,"Oct 18, 2023 10:55 PM","Feb 10, 2024 11:45 AM"
300,Credito,747,3762,equipo 7,agil,"Jun 17, 2023 4:12 PM","Oct 9, 2023 7:54 AM"
200,Cumplimiento,253,29658,equipo 2,hibrido,"Nov 11, 2023 6:12 AM","Sep 3, 2023 1:07 PM"
200,Payments,950,7983,equipo 2,agil,"Sep 9, 2023 9:40 PM","Sep 21, 2023 8:32 AM"
500,Zona Libre,963,8777,equipo 5 ,agil,"Apr 18, 2024 11:08 AM","Jun 23, 2024 10:54 PM"
400,Corporativa,494,41018,equipo 1,agil,"May 12, 2024 9:38 AM","Apr 14, 2024 12:26 AM"
400,Payments,751,5068,equipo 4,agil,"Jun 13, 2024 2:30 PM","Aug 16, 2023 7:44 PM"
300,Gente,881,16418,equipo 6,hibrido,"Feb 25, 2024 2:37 AM","Jan 5, 2024 12:15 PM"
100,Credito,951,41516,equipo 5 ,hibrido,"Nov 27, 2023 10:01 AM","Jun 10, 2024 2:11 AM"
200,Operaciones,352,24046,equipo 1,agil,"Jan 16, 2024 4:57 AM","Mar 21, 2024 3:23 PM"
200,Tecnologia,494,38236,equipo 6,agil,"Sep 6, 2023 7:58 PM","Aug 18, 2023 9:02 PM"
200,Zona Libre,882,32970,equipo 2,agil,"Mar 5, 2024 11:57 AM","May 20, 2024 5:27 AM"
200,Tecnologia,780,21874,equipo 1,hibrido,"Dec 4, 2023 1:38 PM","Jan 24, 2024 12:17 PM"
200,Gente,418,17807,equipo 6,hibrido,"Nov 17, 2023 5:42 PM","Mar 12, 2024 9:18 AM"
100,Cumplimiento,490,18265,equipo 3,agil,"Jun 6, 2023 12:52 AM","Feb 14, 2024 11:31 AM"
100,Payments,346,29062,equipo 5 ,agil,"Mar 30, 2024 9:02 AM","Oct 21, 2023 6:41 PM"
400,Zona Libre,599,14591,equipo 3,agil,"Mar 8, 2024 12:17 AM","Dec 9, 2023 3:01 PM"
500,Credito,845,39334,equipo 6,agil,"Mar 23, 2024 4:13 AM","Jun 15, 2024 1:43 PM"
200,Credito,803,21121,equipo 6,hibrido,"Jun 24, 2023 4:37 PM","Feb 23, 2024 10:41 PM"
300,Tecnologia,963,43725,equipo 2,hibrido,"Mar 30, 2024 5:40 AM","Aug 29, 2023 4:58 PM"
200,Operaciones,866,3540,equipo 5 ,hibrido,"Jun 30, 2023 4:33 AM","Aug 7, 2023 11:35 PM"
500,Credito,572,44244,equipo 4,agil,"Jun 11, 2023 6:39 PM","Jul 22, 2023 8:55 AM"
200,Tecnologia,726,27192,equipo 2,agil,"Jan 27, 2024 1:04 PM","Apr 20, 2024 2:21 AM"
200,Gente,787,8718,equipo 2,agil,"Feb 23, 2024 6:31 AM","Nov 28, 2023 7:10 PM"
300,Cumplimiento,897,4464,equipo 3,agil,"Nov 6, 2023 2:35 AM","Jul 26, 2023 10:40 AM"
400,Cumplimiento,381,35655,equipo 7,agil,"Apr 6, 2024 4:45 PM","Jul 14, 2023 1:20 AM"
400,Credito,609,5687,equipo 4,agil,"Jun 4, 2023 3:13 PM","Oct 28, 2023 12:24 AM"
400,Corporativa,906,15106,equipo 3,agil,"May 30, 2024 9:39 AM","Jul 26, 2023 4:20 AM"
400,Corporativa,927,12162,equipo 6,agil,"Mar 31, 2024 1:25 AM","Oct 4, 2023 10:50 PM"
200,Credito,735,3556,equipo 2,agil,"Jan 13, 2024 4:56 PM","Feb 24, 2024 7:50 AM"
400,Gente,502,6009,equipo 4,hibrido,"Jul 30, 2023 4:31 AM","May 16, 2024 4:17 AM"
100,Payments,429,37602,equipo 3,hibrido,"Jan 12, 2024 3:22 PM","May 27, 2024 11:46 AM"
200,Payments,913,21667,equipo 3,agil,"May 3, 2024 4:44 PM","Feb 17, 2024 6:06 AM"
400,Operaciones,557,23151,equipo 3,hibrido,"May 11, 2024 9:53 PM","May 28, 2024 8:44 PM"
400,Gente,829,19691,equipo 1,agil,"Jul 12, 2023 12:19 AM","Apr 9, 2024 8:48 PM"
100,Credito,319,33891,equipo 2,hibrido,"Aug 24, 2023 5:33 PM","Oct 15, 2023 9:05 AM"
100,Cumplimiento,987,28139,equipo 4,hibrido,"Apr 30, 2024 8:49 AM","Nov 16, 2023 7:28 PM"
200,Tecnologia,828,23862,equipo 6,agil,"Jun 13, 2024 12:28 AM","Feb 8, 2024 6:39 AM"
300,Credito,770,37964,equipo 6,hibrido,"Sep 1, 2023 1:37 AM","Mar 26, 2024 8:42 PM"
500,Payments,922,36445,equipo 3,hibrido,"Jun 14, 2024 10:42 AM","May 27, 2024 5:41 PM"
500,Gente,704,29414,equipo 5 ,agil,"Aug 16, 2023 9:45 PM","May 12, 2024 4:14 AM"
200,Cumplimiento,391,4339,equipo 7,hibrido,"Jun 10, 2024 10:12 PM","Sep 6, 2023 4:35 PM"
300,Payments,859,24661,equipo 3,agil,"Jun 11, 2024 6:52 PM","Apr 7, 2024 1:53 AM"
400,Operaciones,487,21452,equipo 3,hibrido,"Nov 2, 2023 5:49 PM","Oct 31, 2023 3:05 AM"
400,Corporativa,335,29318,equipo 5 ,hibrido,"Jan 17, 2024 6:08 PM","Mar 24, 2024 10:29 PM"
400,Credito,545,43302,equipo 3,hibrido,"Jan 7, 2024 2:55 AM","Feb 15, 2024 5:48 AM"
300,Credito,888,31784,equipo 7,agil,"Aug 27, 2023 1:14 PM","Sep 7, 2023 1:26 AM"
200,Payments,870,37584,equipo 4,hibrido,"Mar 30, 2024 5:52 AM","Jul 11, 2023 6:30 AM"
300,Payments,854,33914,equipo 5 ,agil,"Jan 8, 2024 9:38 PM","Feb 16, 2024 12:27 AM"
300,Tecnologia,899,2784,equipo 5 ,agil,"Nov 15, 2023 4:09 PM","Oct 11, 2023 2:43 AM"
300,Tecnologia,729,33113,equipo 1,agil,"Jun 23, 2023 3:56 PM","Oct 3, 2023 10:37 AM"
300,Zona Libre,847,27002,equipo 2,agil,"Apr 6, 2024 11:05 AM","Oct 27, 2023 6:41 PM"
100,Gente,959,38493,equipo 4,hibrido,"Feb 3, 2024 2:44 AM","Jan 15, 2024 9:33 PM"
300,Cumplimiento,529,16153,equipo 1,agil,"May 30, 2024 9:52 PM","Dec 25, 2023 1:47 PM"
400,Credito,938,19031,equipo 2,hibrido,"Aug 12, 2023 10:04 PM","Nov 7, 2023 2:40 PM"
300,Gente,460,44096,equipo 6,hibrido,"Dec 16, 2023 6:41 PM","Jul 1, 2024 7:09 AM"
100,Operaciones,989,18339,equipo 6,agil,"Sep 10, 2023 8:25 AM","Mar 22, 2024 11:57 AM"
300,Operaciones,888,24091,equipo 6,hibrido,"May 17, 2024 9:49 AM","Jul 11, 2023 1:30 PM"
300,Cumplimiento,451,5365,equipo 4,agil,"Oct 18, 2023 7:15 AM","Apr 20, 2024 10:56 PM"
200,Corporativa,592,23187,equipo 5 ,agil,"Sep 24, 2023 4:03 AM","Aug 24, 2023 4:46 AM"
200,Zona Libre,528,33312,equipo 6,agil,"Aug 20, 2023 7:05 PM","Jul 19, 2023 2:39 AM"
200,Gente,887,7408,equipo 3,agil,"Jan 12, 2024 3:12 PM","Dec 27, 2023 1:04 PM"
400,Gente,661,4430,equipo 3,hibrido,"Jan 25, 2024 4:25 PM","Dec 24, 2023 9:16 AM"
400,Operaciones,254,15371,equipo 3,hibrido,"Mar 18, 2024 5:06 AM","Dec 23, 2023 6:42 PM"
400,Tecnologia,377,13037,equipo 3,agil,"Feb 7, 2024 1:17 AM","Oct 4, 2023 8:45 PM"
200,Gente,849,44669,equipo 5 ,agil,"Jul 25, 2023 3:00 PM","Mar 14, 2024 8:01 PM"
400,Payments,973,13551,equipo 4,agil,"Dec 28, 2023 9:32 PM","Feb 25, 2024 7:39 PM"
200,Cumplimiento,857,19757,equipo 1,hibrido,"Dec 8, 2023 8:10 PM","Jun 14, 2024 1:19 AM"
100,Payments,557,36548,equipo 4,hibrido,"Mar 29, 2024 7:36 AM","Sep 23, 2023 5:27 PM"
300,Cumplimiento,502,44359,equipo 4,agil,"Sep 29, 2023 8:26 PM","Aug 5, 2023 9:13 PM"
400,Cumplimiento,746,7386,equipo 4,hibrido,"Aug 30, 2023 12:27 PM","Dec 28, 2023 5:36 AM"
200,Credito,760,43505,equipo 3,agil,"Dec 25, 2023 3:44 PM","Jan 9, 2024 1:08 PM"
100,Gente,628,41769,equipo 4,hibrido,"Sep 19, 2023 3:06 PM","Aug 16, 2023 4:59 PM"
400,Tecnologia,705,31036,equipo 4,hibrido,"Sep 13, 2023 8:13 AM","Jan 24, 2024 2:14 AM"
100,Payments,847,3815,equipo 4,agil,"Apr 3, 2024 3:07 PM","May 23, 2024 3:58 AM"
100,Gente,324,20377,equipo 4,agil,"Sep 16, 2023 12:18 PM","Feb 13, 2024 5:47 PM"
400,Payments,614,11387,equipo 4,hibrido,"Sep 28, 2023 2:55 AM","Aug 3, 2023 3:02 PM"
500,Cumplimiento,274,33076,equipo 2,agil,"Oct 17, 2023 5:11 AM","Feb 14, 2024 8:34 PM"
300,Tecnologia,272,14825,equipo 3,hibrido,"Mar 17, 2024 11:09 AM","Jun 10, 2024 8:35 PM"
400,Zona Libre,838,25533,equipo 5 ,hibrido,"Oct 9, 2023 1:06 AM","Sep 28, 2023 7:18 AM"
200,Credito,434,41118,equipo 5 ,agil,"Jun 26, 2023 1:30 AM","Jan 13, 2024 4:14 PM"
200,Gente,982,16592,equipo 4,agil,"Mar 27, 2024 2:20 AM","Jan 26, 2024 11:12 AM"
200,Gente,888,38734,equipo 6,hibrido,"Jan 16, 2024 8:22 PM","Oct 30, 2023 2:49 AM"
100,Cumplimiento,384,7922,equipo 3,hibrido,"Sep 22, 2023 12:12 PM","Dec 9, 2023 11:16 PM"
400,Tecnologia,771,28453,equipo 1,hibrido,"Jul 8, 2023 3:07 PM","Aug 14, 2023 5:27 PM"
500,Corporativa,308,1428,equipo 4,hibrido,"Dec 16, 2023 9:23 AM","May 27, 2024 8:00 AM"
100,Cumplimiento,649,15527,equipo 2,agil,"Aug 14, 2023 3:07 PM","Jul 31, 2023 7:56 PM"
200,Payments,735,7302,equipo 4,hibrido,"Mar 15, 2024 5:39 PM","Dec 7, 2023 11:56 AM"
400,Operaciones,688,18226,equipo 5 ,agil,"Apr 21, 2024 3:34 AM","Jun 2, 2024 11:12 AM"
300,Credito,418,8016,equipo 5 ,agil,"Oct 26, 2023 12:43 AM","Feb 6, 2024 8:38 PM"
200,Credito,862,2601,equipo 6,agil,"Jun 2, 2024 9:23 AM","Nov 11, 2023 3:03 PM"
400,Payments,427,16047,equipo 2,hibrido,"Apr 28, 2024 2:53 PM","Oct 5, 2023 9:54 PM"
200,Tecnologia,479,4675,equipo 3,agil,"Feb 16, 2024 3:51 AM","Aug 15, 2023 1:00 PM"
200,Credito,456,14689,equipo 5 ,agil,"Jun 25, 2023 4:49 PM","Nov 24, 2023 12:32 AM"
500,Gente,500,30977,equipo 2,hibrido,"Mar 28, 2024 5:30 PM","Aug 12, 2023 6:46 AM"
200,Zona Libre,884,5959,equipo 5 ,hibrido,"Dec 7, 2023 11:32 AM","Sep 21, 2023 12:14 PM"
200,Operaciones,470,32709,equipo 7,hibrido,"Nov 21, 2023 6:05 PM","May 7, 2024 7:00 AM"
400,Zona Libre,862,33469,equipo 3,agil,"Dec 6, 2023 11:51 PM","Apr 18, 2024 10:12 AM"
300,Gente,267,11895,equipo 5 ,agil,"Sep 9, 2023 9:35 AM","Mar 11, 2024 1:52 AM"
400,Payments,666,10316,equipo 5 ,hibrido,"Feb 1, 2024 5:17 AM","Sep 10, 2023 3:18 PM"
200,Corporativa,941,2667,equipo 5 ,agil,"Dec 14, 2023 10:03 PM","Sep 16, 2023 1:06 AM"
300,Operaciones,266,18249,equipo 2,hibrido,"Mar 29, 2024 10:13 AM","May 26, 2024 1:37 PM"
400,Tecnologia,668,44833,equipo 4,hibrido,"Dec 1, 2023 8:28 PM","Feb 10, 2024 4:56 AM"
500,Zona Libre,659,23537,equipo 1,hibrido,"May 27, 2024 4:32 AM","Apr 5, 2024 7:40 AM"
100,Operaciones,670,20782,equipo 2,agil,"Oct 26, 2023 8:04 PM","Dec 22, 2023 8:21 AM"
200,Cumplimiento,976,27162,equipo 5 ,hibrido,"Apr 18, 2024 7:51 PM","Apr 15, 2024 1:26 AM"
400,Corporativa,874,1293,equipo 6,agil,"Nov 19, 2023 1:41 PM","Sep 4, 2023 4:27 PM"
400,Gente,393,10844,equipo 5 ,hibrido,"Mar 7, 2024 3:58 PM","Apr 16, 2024 9:41 AM"
300,Operaciones,602,4222,equipo 5 ,agil,"Apr 24, 2024 9:12 PM","Apr 15, 2024 8:43 AM"
300,Cumplimiento,628,16930,equipo 5 ,hibrido,"Apr 8, 2024 8:57 PM","May 14, 2024 8:55 PM"
300,Credito,822,31944,equipo 2,agil,"Nov 20, 2023 6:39 PM","Apr 26, 2024 1:42 PM"
200,Cumplimiento,993,8924,equipo 2,hibrido,"Dec 24, 2023 6:34 PM","Aug 19, 2023 8:58 PM"
100,Operaciones,826,24410,equipo 7,agil,"Nov 27, 2023 1:44 AM","Oct 13, 2023 9:03 AM"
400,Payments,891,32129,equipo 3,agil,"Jul 4, 2023 3:41 PM","May 18, 2024 8:57 PM"
400,Cumplimiento,950,10573,equipo 3,agil,"Apr 10, 2024 1:00 PM","Jun 29, 2024 5:11 PM"
300,Payments,828,22293,equipo 5 ,hibrido,"Oct 14, 2023 9:09 PM","Jun 9, 2024 9:18 AM"
400,Gente,728,9374,equipo 3,hibrido,"Jun 19, 2023 11:58 PM","Oct 7, 2023 3:45 AM"
200,Credito,346,17281,equipo 4,agil,"Dec 21, 2023 11:13 AM","Apr 29, 2024 6:48 PM"
400,Corporativa,486,4204,equipo 4,hibrido,"Jun 30, 2023 1:39 AM","Mar 19, 2024 1:38 AM"
400,Credito,943,29356,equipo 2,agil,"Jan 21, 2024 7:09 AM","Feb 7, 2024 2:52 PM"
200,Gente,918,5482,equipo 7,agil,"Oct 19, 2023 4:05 PM","Aug 6, 2023 3:05 PM"
400,Cumplimiento,395,14556,equipo 3,agil,"Nov 15, 2023 1:58 AM","Oct 4, 2023 5:27 AM"
500,Tecnologia,854,19810,equipo 6,agil,"Apr 10, 2024 3:13 AM","May 16, 2024 4:22 PM"
400,Cumplimiento,432,12535,equipo 3,agil,"Mar 11, 2024 10:40 AM","Nov 8, 2023 12:53 PM"
400,Credito,995,44984,equipo 1,hibrido,"Jan 9, 2024 3:42 PM","Jun 4, 2024 2:43 AM"
300,Payments,921,28909,equipo 4,hibrido,"Nov 17, 2023 10:02 PM","Jul 25, 2023 8:45 PM"
400,Zona Libre,598,28765,equipo 3,hibrido,"Mar 17, 2024 10:53 PM","Apr 5, 2024 12:10 PM"
200,Cumplimiento,708,30158,equipo 1,agil,"Oct 3, 2023 12:35 AM","Feb 25, 2024 5:55 AM"
300,Zona Libre,512,8839,equipo 3,hibrido,"Sep 9, 2023 2:21 AM","Oct 2, 2023 4:47 AM"
200,Zona Libre,929,23174,equipo 3,hibrido,"Sep 1, 2023 2:07 AM","Jun 23, 2024 6:46 PM"
400,Zona Libre,319,23948,equipo 4,hibrido,"Oct 8, 2023 3:28 PM","Mar 13, 2024 1:23 PM"
300,Payments,289,30625,equipo 6,hibrido,"Aug 1, 2023 3:35 AM","May 7, 2024 3:30 AM"
400,Zona Libre,362,13558,equipo 3,hibrido,"Jan 30, 2024 5:54 PM","Oct 18, 2023 6:52 AM"
100,Operaciones,278,33285,equipo 1,agil,"Jun 30, 2023 8:02 AM","Jun 18, 2024 8:35 AM"
400,Zona Libre,491,21801,equipo 5 ,hibrido,"Jun 10, 2024 5:56 AM","Apr 17, 2024 9:33 AM"
200,Operaciones,581,24951,equipo 4,hibrido,"Jul 22, 2023 10:02 PM","Aug 30, 2023 2:37 AM"
400,Cumplimiento,262,19410,equipo 5 ,agil,"Sep 14, 2023 3:28 PM","Nov 1, 2023 10:53 PM"
100,Zona Libre,499,9493,equipo 3,hibrido,"Aug 9, 2023 12:48 PM","Nov 13, 2023 11:09 AM"
500,Zona Libre,657,37475,equipo 2,agil,"Sep 22, 2023 1:16 PM","Jan 23, 2024 8:52 AM"
300,Credito,881,19438,equipo 7,hibrido,"Jul 19, 2023 5:25 PM","Mar 27, 2024 4:51 PM"
200,Payments,653,12576,equipo 5 ,hibrido,"Nov 26, 2023 10:52 PM","Dec 26, 2023 8:50 PM"
400,Tecnologia,959,27145,equipo 2,hibrido,"Mar 30, 2024 12:05 PM","Sep 19, 2023 5:53 PM"
400,Zona Libre,618,25337,equipo 6,hibrido,"Aug 26, 2023 8:04 PM","Jun 24, 2024 10:41 AM"
500,Gente,442,22417,equipo 2,hibrido,"Dec 17, 2023 8:25 AM","Oct 6, 2023 6:33 AM"
100,Gente,671,19208,equipo 1,hibrido,"Jul 12, 2023 8:52 AM","Jan 2, 2024 9:38 AM"
300,Credito,725,37088,equipo 4,hibrido,"Oct 27, 2023 5:15 PM","Apr 1, 2024 5:22 PM"
200,Gente,638,14749,equipo 2,hibrido,"Feb 19, 2024 1:58 AM","May 7, 2024 9:29 AM"
400,Credito,777,32415,equipo 2,agil,"Jun 30, 2023 2:51 AM","Aug 29, 2023 12:52 PM"
300,Zona Libre,924,40192,equipo 2,hibrido,"Dec 5, 2023 12:13 PM","Sep 29, 2023 11:33 PM"
400,Operaciones,997,44635,equipo 6,hibrido,"Dec 16, 2023 6:55 PM","May 29, 2024 7:38 PM"
100,Corporativa,902,37139,equipo 7,agil,"Oct 31, 2023 8:54 AM","Feb 24, 2024 6:28 AM"
400,Zona Libre,755,25151,equipo 7,agil,"May 3, 2024 9:24 AM","Oct 24, 2023 2:35 PM"
200,Gente,825,20925,equipo 3,hibrido,"Jul 9, 2023 7:45 AM","Jan 18, 2024 7:53 PM"
100,Cumplimiento,448,1382,equipo 5 ,agil,"Jul 4, 2023 8:07 PM","May 28, 2024 2:39 AM"
400,Credito,903,39296,equipo 2,hibrido,"Nov 14, 2023 8:29 AM","Jun 14, 2024 11:01 PM"
500,Gente,847,36587,equipo 7,hibrido,"Dec 21, 2023 11:38 PM","Nov 1, 2023 6:05 PM"
100,Zona Libre,565,18861,equipo 2,hibrido,"Apr 16, 2024 9:14 AM","Aug 24, 2023 5:21 AM"
400,Credito,551,24953,equipo 2,agil,"Jun 3, 2024 12:16 AM","Jan 6, 2024 8:26 AM"
300,Cumplimiento,681,29733,equipo 6,agil,"Jan 30, 2024 7:22 AM","Apr 2, 2024 1:16 PM"
400,Corporativa,715,32996,equipo 1,agil,"Jan 20, 2024 1:35 AM","Aug 12, 2023 1:05 PM"
100,Cumplimiento,991,34501,equipo 6,agil,"Nov 27, 2023 5:29 PM","Oct 18, 2023 12:56 AM"
300,Corporativa,353,27750,equipo 4,hibrido,"Jun 1, 2024 3:07 AM","Dec 8, 2023 5:43 AM"
400,Cumplimiento,801,28378,equipo 5 ,hibrido,"Aug 16, 2023 9:06 AM","Oct 4, 2023 11:44 AM"
300,Credito,937,34550,equipo 5 ,hibrido,"Mar 27, 2024 9:58 AM","May 12, 2024 12:44 AM"
200,Operaciones,718,42758,equipo 4,agil,"Aug 19, 2023 8:45 AM","Jun 6, 2024 12:03 AM"
500,Payments,418,4284,equipo 4,agil,"May 27, 2024 5:25 PM","Oct 20, 2023 8:03 PM"
400,Operaciones,442,23710,equipo 5 ,hibrido,"Mar 7, 2024 7:37 AM","Jan 31, 2024 2:59 PM"
400,Gente,468,32264,equipo 2,agil,"May 13, 2024 5:52 AM","May 26, 2024 6:15 PM"
400,Cumplimiento,367,44932,equipo 6,hibrido,"Feb 4, 2024 2:29 AM","Nov 30, 2023 1:01 AM"
500,Payments,979,14598,equipo 7,agil,"Jul 10, 2023 4:18 PM","Oct 21, 2023 9:46 PM"
300,Payments,341,18956,equipo 6,agil,"Apr 19, 2024 3:13 PM","May 18, 2024 12:55 PM"
300,Cumplimiento,543,20536,equipo 2,hibrido,"Jul 20, 2023 11:30 PM","May 8, 2024 10:52 AM"
300,Gente,658,20293,equipo 4,agil,"Dec 26, 2023 2:30 PM","Jul 20, 2023 4:05 PM"
400,Cumplimiento,715,44693,equipo 3,hibrido,"Nov 5, 2023 11:22 PM","Jul 29, 2023 9:55 PM"
400,Zona Libre,444,33716,equipo 6,hibrido,"Dec 11, 2023 8:25 AM","Nov 16, 2023 11:49 PM"
100,Corporativa,870,22006,equipo 4,agil,"Apr 2, 2024 2:51 PM","Dec 19, 2023 8:37 PM"
100,Corporativa,619,19203,equipo 5 ,agil,"Oct 18, 2023 3:05 PM","Mar 14, 2024 6:23 AM"
100,Payments,982,29061,equipo 6,agil,"Jun 1, 2023 6:34 PM","Jan 15, 2024 7:44 PM"
200,Cumplimiento,535,40778,equipo 1,hibrido,"Jan 8, 2024 4:04 PM","Apr 5, 2024 1:29 PM"
200,Payments,469,43457,equipo 6,agil,"Jul 27, 2023 4:58 PM","Apr 4, 2024 2:06 PM"
400,Gente,822,27820,equipo 6,hibrido,"Aug 31, 2023 7:30 PM","Jun 19, 2024 11:18 AM"
100,Zona Libre,487,37163,equipo 4,agil,"Sep 23, 2023 7:59 AM","Oct 18, 2023 6:09 PM"
200,Zona Libre,960,14723,equipo 2,agil,"Aug 24, 2023 1:41 AM","Feb 25, 2024 3:13 PM"
200,Cumplimiento,374,1818,equipo 4,hibrido,"Jul 25, 2023 6:45 AM","Nov 30, 2023 8:23 PM"
300,Credito,915,2311,equipo 4,agil,"Aug 22, 2023 4:12 AM","Jan 23, 2024 1:02 PM"
300,Corporativa,960,7426,equipo 3,agil,"Jul 3, 2023 11:55 AM","Dec 3, 2023 12:37 PM"
300,Zona Libre,484,2544,equipo 6,agil,"May 5, 2024 3:23 AM","Oct 11, 2023 4:25 PM"
400,Zona Libre,291,33442,equipo 5 ,hibrido,"Dec 2, 2023 3:11 PM","Dec 18, 2023 7:39 PM"
200,Credito,693,38356,equipo 2,hibrido,"Sep 5, 2023 8:13 PM","Nov 26, 2023 2:38 AM"
400,Operaciones,933,25855,equipo 6,hibrido,"May 7, 2024 6:50 PM","Aug 23, 2023 11:25 PM"
200,Operaciones,393,13040,equipo 4,agil,"May 8, 2024 12:04 PM","Nov 30, 2023 4:54 PM"
200,Operaciones,792,8636,equipo 6,hibrido,"Jan 30, 2024 7:57 PM","Jul 30, 2023 5:06 PM"
100,Operaciones,709,32281,equipo 7,agil,"Feb 28, 2024 2:39 PM","Oct 19, 2023 12:39 AM"
500,Gente,911,41903,equipo 6,hibrido,"Mar 5, 2024 4:41 AM","Jan 6, 2024 9:42 AM"
200,Cumplimiento,871,41865,equipo 1,agil,"Sep 28, 2023 5:24 PM","Feb 5, 2024 4:12 AM"
200,Credito,725,17408,equipo 2,agil,"Jan 25, 2024 9:12 PM","Jul 20, 2023 8:38 AM"
300,Cumplimiento,272,35561,equipo 4,hibrido,"May 24, 2024 6:36 PM","Feb 20, 2024 5:47 PM"
300,Operaciones,505,14960,equipo 4,agil,"Sep 4, 2023 7:46 PM","May 15, 2024 1:41 PM"
200,Zona Libre,761,16962,equipo 7,hibrido,"Mar 5, 2024 3:28 AM","May 17, 2024 8:17 AM"
500,Zona Libre,300,2994,equipo 5 ,agil,"Mar 22, 2024 1:22 PM","Aug 6, 2023 12:19 PM"
400,Credito,804,3066,equipo 3,agil,"Apr 23, 2024 7:34 PM","Apr 26, 2024 12:21 PM"
300,Corporativa,464,41525,equipo 1,hibrido,"Aug 26, 2023 3:33 AM","Dec 11, 2023 12:19 PM"
500,Corporativa,292,42702,equipo 4,hibrido,"Aug 10, 2023 6:44 AM","Apr 30, 2024 5:02 PM"
400,Cumplimiento,826,29757,equipo 4,hibrido,"Feb 9, 2024 1:33 AM","Apr 3, 2024 3:28 PM"
400,Zona Libre,676,24114,equipo 1,hibrido,"Aug 16, 2023 11:55 PM","Jul 7, 2023 1:11 PM"
300,Cumplimiento,628,15735,equipo 7,hibrido,"Dec 23, 2023 2:52 PM","May 13, 2024 9:41 AM"
500,Credito,470,24400,equipo 6,hibrido,"Nov 27, 2023 3:07 AM","Mar 31, 2024 12:01 PM"
200,Cumplimiento,899,42371,equipo 2,hibrido,"Nov 26, 2023 2:29 AM","Jul 11, 2023 5:56 PM"
200,Gente,666,4361,equipo 6,agil,"Feb 28, 2024 7:47 PM","Dec 21, 2023 11:01 AM"
400,Corporativa,582,36562,equipo 4,agil,"Feb 9, 2024 6:28 AM","Aug 12, 2023 6:55 AM"
200,Corporativa,659,7224,equipo 7,hibrido,"Feb 8, 2024 2:18 AM","Jun 24, 2024 9:21 AM"
100,Gente,446,31821,equipo 6,agil,"Oct 7, 2023 3:02 PM","Sep 14, 2023 7:58 PM"
100,Cumplimiento,876,26220,equipo 7,hibrido,"Jul 20, 2023 6:07 AM","Feb 7, 2024 2:15 AM"
400,Payments,344,13849,equipo 2,agil,"Jun 28, 2023 9:24 AM","Apr 1, 2024 3:28 PM"
300,Payments,932,6523,equipo 5 ,agil,"Mar 1, 2024 7:47 PM","Jul 6, 2023 2:07 PM"
200,Operaciones,360,23187,equipo 1,hibrido,"May 16, 2024 3:12 AM","Dec 15, 2023 10:36 AM"
100,Credito,257,26658,equipo 2,agil,"Feb 18, 2024 4:29 AM","Dec 30, 2023 4:59 AM"
200,Credito,456,33653,equipo 5 ,hibrido,"Aug 31, 2023 10:06 PM","Dec 30, 2023 7:32 AM"
300,Operaciones,912,38483,equipo 4,agil,"Mar 5, 2024 11:28 AM","Dec 18, 2023 4:17 PM"
500,Zona Libre,507,43822,equipo 5 ,agil,"Jul 25, 2023 4:47 PM","Mar 9, 2024 4:08 PM"
200,Credito,464,37844,equipo 4,agil,"Sep 5, 2023 8:13 AM","Dec 24, 2023 2:49 PM"
400,Gente,372,29271,equipo 5 ,agil,"Jul 27, 2023 7:09 PM","Feb 14, 2024 1:36 AM"
400,Tecnologia,261,5129,equipo 3,agil,"Mar 7, 2024 4:18 AM","Oct 30, 2023 3:19 PM"
200,Cumplimiento,690,24097,equipo 7,hibrido,"Mar 29, 2024 6:31 AM","Apr 26, 2024 2:35 AM"
300,Gente,697,26036,equipo 6,hibrido,"Mar 26, 2024 9:27 AM","Mar 23, 2024 4:27 AM"
500,Operaciones,600,39127,equipo 6,hibrido,"Apr 14, 2024 12:03 PM","Oct 15, 2023 7:51 AM"
200,Payments,816,20183,equipo 5 ,agil,"Oct 9, 2023 7:51 AM","Jul 16, 2023 10:59 AM"
200,Tecnologia,900,11676,equipo 7,agil,"Mar 27, 2024 4:22 PM","Sep 21, 2023 3:30 PM"
100,Credito,969,6337,equipo 7,hibrido,"Aug 23, 2023 8:29 PM","Jul 15, 2023 4:48 PM"
200,Corporativa,558,15271,equipo 2,hibrido,"Jul 11, 2023 6:35 PM","Jan 20, 2024 8:07 PM"
300,Payments,933,18374,equipo 3,hibrido,"Feb 15, 2024 4:46 AM","Aug 5, 2023 1:55 PM"
100,Gente,337,27594,equipo 5 ,hibrido,"May 5, 2024 9:08 PM","Mar 5, 2024 10:18 PM"
200,Tecnologia,813,36743,equipo 3,agil,"Jun 18, 2023 5:12 AM","Oct 12, 2023 4:51 PM"
300,Zona Libre,665,2880,equipo 2,hibrido,"Oct 6, 2023 8:49 PM","Jan 20, 2024 5:23 PM"
300,Payments,829,12695,equipo 5 ,agil,"Sep 30, 2023 1:07 PM","Jun 5, 2024 2:53 AM"
500,Tecnologia,949,37253,equipo 4,hibrido,"Sep 8, 2023 8:42 PM","Oct 10, 2023 1:49 AM"
200,Operaciones,382,35356,equipo 7,agil,"May 13, 2024 10:12 AM","Jul 4, 2023 11:42 PM"
200,Zona Libre,324,18773,equipo 2,agil,"Mar 28, 2024 11:01 AM","Jun 26, 2024 8:40 AM"
300,Gente,258,15434,equipo 5 ,hibrido,"Jul 27, 2023 2:51 PM","Mar 19, 2024 9:03 AM"
200,Operaciones,674,43614,equipo 2,agil,"Dec 3, 2023 8:04 PM","Sep 8, 2023 7:01 PM"
300,Operaciones,869,9545,equipo 6,hibrido,"Apr 20, 2024 2:17 PM","Jan 9, 2024 2:31 PM"
500,Gente,399,27436,equipo 3,hibrido,"Jun 26, 2023 7:19 AM","Dec 19, 2023 8:53 AM"
200,Payments,299,17192,equipo 1,agil,"Feb 10, 2024 1:13 AM","Aug 18, 2023 3:45 PM"
100,Payments,278,19287,equipo 4,agil,"Feb 2, 2024 8:17 AM","Jun 25, 2024 9:48 PM"
400,Gente,536,38699,equipo 2,hibrido,"Dec 5, 2023 5:51 PM","Jul 28, 2023 9:51 PM"
400,Cumplimiento,618,16918,equipo 6,hibrido,"May 23, 2024 12:48 PM","May 31, 2024 3:31 PM"
200,Cumplimiento,549,38140,equipo 6,agil,"Jun 11, 2023 6:57 AM","Feb 19, 2024 10:35 PM"
500,Zona Libre,701,44849,equipo 4,hibrido,"Dec 27, 2023 6:17 PM","Oct 15, 2023 10:17 PM"
400,Tecnologia,817,25285,equipo 5 ,agil,"Aug 15, 2023 6:36 PM","Dec 9, 2023 8:38 PM"
100,Payments,430,34044,equipo 1,agil,"Jun 27, 2023 2:05 AM","Nov 14, 2023 10:53 AM"
500,Payments,393,17958,equipo 5 ,hibrido,"Dec 20, 2023 9:14 PM","Aug 23, 2023 11:15 AM"
200,Cumplimiento,739,6188,equipo 2,hibrido,"May 3, 2024 7:36 AM","Jun 5, 2024 9:43 AM"
400,Zona Libre,375,30333,equipo 6,agil,"Mar 25, 2024 2:34 PM","Dec 22, 2023 2:08 PM"
400,Operaciones,995,13832,equipo 1,hibrido,"May 12, 2024 7:39 AM","Dec 22, 2023 11:06 PM"
500,Corporativa,773,36797,equipo 3,hibrido,"Mar 2, 2024 8:57 AM","Oct 10, 2023 12:42 AM"
300,Payments,477,44550,equipo 3,agil,"Mar 9, 2024 2:05 PM","Feb 18, 2024 2:03 PM"
200,Cumplimiento,932,6790,equipo 2,agil,"Dec 11, 2023 7:46 AM","Apr 24, 2024 12:37 PM"
400,Corporativa,945,31074,equipo 5 ,hibrido,"Sep 16, 2023 4:22 PM","Apr 24, 2024 6:21 AM"
300,Gente,896,32191,equipo 5 ,agil,"Feb 22, 2024 2:30 PM","Aug 22, 2023 11:38 PM"
200,Cumplimiento,708,35985,equipo 2,agil,"Mar 9, 2024 5:09 PM","Oct 23, 2023 9:14 AM"
300,Payments,674,13081,equipo 5 ,agil,"Dec 25, 2023 11:27 AM","Apr 27, 2024 12:54 AM"
400,Payments,594,1730,equipo 5 ,hibrido,"May 7, 2024 10:59 PM","Apr 14, 2024 9:56 PM"
100,Credito,864,28091,equipo 2,hibrido,"Jan 3, 2024 11:37 PM","Apr 1, 2024 6:18 PM"
200,Zona Libre,815,6176,equipo 6,hibrido,"Jul 18, 2023 7:30 AM","Sep 15, 2023 1:47 AM"
200,Cumplimiento,951,40093,equipo 4,agil,"Jul 31, 2023 11:35 AM","Feb 28, 2024 7:10 PM"
200,Payments,920,13237,equipo 3,agil,"Dec 11, 2023 7:40 AM","Feb 13, 2024 2:54 AM"
200,Gente,407,9680,equipo 3,agil,"Apr 27, 2024 10:38 PM","Feb 13, 2024 8:19 PM"
300,Gente,564,29711,equipo 3,hibrido,"May 16, 2024 5:17 AM","Jun 1, 2024 4:31 PM"
200,Zona Libre,980,15017,equipo 5 ,agil,"Jul 30, 2023 12:21 AM","Feb 25, 2024 2:49 AM"
500,Tecnologia,865,22058,equipo 4,agil,"Nov 3, 2023 11:10 AM","Oct 3, 2023 6:59 AM"
400,Corporativa,935,22442,equipo 6,agil,"Aug 16, 2023 3:16 AM","Jan 13, 2024 11:35 AM"
400,Credito,485,31252,equipo 5 ,agil,"Jul 14, 2023 9:20 PM","Oct 27, 2023 9:21 PM"
400,Gente,379,20411,equipo 6,hibrido,"Feb 24, 2024 6:47 AM","May 4, 2024 11:32 PM"
500,Gente,319,6230,equipo 4,agil,"Aug 13, 2023 9:10 PM","Jul 18, 2023 6:21 AM"
400,Gente,989,30152,equipo 7,agil,"Nov 26, 2023 11:33 AM","Jan 30, 2024 1:51 PM"
200,Zona Libre,791,14942,equipo 6,agil,"Oct 16, 2023 1:39 AM","Sep 8, 2023 12:51 AM"
100,Gente,813,41179,equipo 3,agil,"Mar 14, 2024 6:47 AM","Jan 4, 2024 4:26 AM"
200,Corporativa,384,1200,equipo 6,hibrido,"Aug 18, 2023 11:28 PM","Jan 8, 2024 10:31 PM"
300,Cumplimiento,776,15845,equipo 5 ,agil,"Oct 3, 2023 6:29 PM","May 30, 2024 12:15 PM"
200,Cumplimiento,924,15003,equipo 5 ,hibrido,"Nov 23, 2023 6:20 PM","Jun 5, 2024 11:52 PM"
400,Cumplimiento,425,3872,equipo 2,agil,"Jul 13, 2023 5:12 AM","Aug 22, 2023 5:07 AM"
400,Operaciones,978,26779,equipo 6,hibrido,"Apr 14, 2024 6:26 PM","Nov 19, 2023 5:47 AM"
300,Cumplimiento,352,32293,equipo 2,hibrido,"Jan 6, 2024 10:08 PM","Feb 23, 2024 11:05 AM"
400,Zona Libre,891,7586,equipo 6,agil,"Jul 17, 2023 6:44 PM","Dec 12, 2023 7:16 PM"
400,Payments,401,27485,equipo 2,hibrido,"Oct 14, 2023 10:03 PM","Aug 17, 2023 9:55 AM"
400,Operaciones,948,11634,equipo 2,hibrido,"Aug 3, 2023 4:33 AM","Jun 7, 2024 6:19 PM"
400,Zona Libre,970,34516,equipo 6,hibrido,"May 8, 2024 4:07 AM","Apr 20, 2024 5:23 PM"
500,Tecnologia,480,36032,equipo 6,agil,"Nov 17, 2023 7:42 PM","Feb 24, 2024 1:01 PM"
500,Operaciones,807,1270,equipo 2,agil,"Nov 30, 2023 9:10 PM","Dec 7, 2023 10:26 PM"
400,Zona Libre,465,14739,equipo 6,hibrido,"Jan 13, 2024 11:05 PM","Nov 24, 2023 9:28 PM"
300,Tecnologia,294,3533,equipo 6,hibrido,"Jul 4, 2023 8:58 AM","Jun 7, 2024 6:36 AM"
300,Corporativa,387,9046,equipo 2,hibrido,"Apr 30, 2024 11:44 PM","May 27, 2024 9:52 AM"
400,Operaciones,426,37780,equipo 2,hibrido,"Nov 4, 2023 9:19 PM","Jan 3, 2024 8:39 AM"
400,Cumplimiento,950,8834,equipo 7,hibrido,"Oct 14, 2023 5:52 AM","Sep 27, 2023 2:48 AM"
300,Zona Libre,685,40410,equipo 6,hibrido,"Dec 2, 2023 11:22 PM","Mar 6, 2024 7:56 PM"
500,Cumplimiento,524,19330,equipo 6,hibrido,"Dec 19, 2023 10:16 AM","Jun 24, 2024 7:44 AM"
300,Zona Libre,935,41365,equipo 3,agil,"Jun 22, 2023 2:29 AM","Aug 4, 2023 3:24 PM"
500,Payments,393,31420,equipo 6,hibrido,"Jun 4, 2024 12:45 AM","Jun 10, 2024 2:27 AM"
400,Credito,996,11667,equipo 6,hibrido,"Feb 20, 2024 10:04 PM","Feb 24, 2024 6:01 AM"
100,Cumplimiento,910,32937,equipo 4,agil,"Apr 30, 2024 3:33 PM","Aug 14, 2023 3:23 PM"
500,Corporativa,826,32605,equipo 6,agil,"May 1, 2024 6:34 AM","Apr 3, 2024 5:00 AM"
200,Cumplimiento,942,3093,equipo 4,agil,"Jan 11, 2024 1:46 AM","Aug 18, 2023 10:24 PM"
300,Cumplimiento,665,17899,equipo 1,hibrido,"Mar 1, 2024 12:11 AM","Jan 6, 2024 4:54 PM"
100,Credito,734,9226,equipo 3,agil,"Jun 11, 2024 7:48 PM","Jan 8, 2024 1:15 AM"
400,Operaciones,501,15587,equipo 5 ,hibrido,"Jun 25, 2023 12:16 PM","Feb 3, 2024 9:44 AM"
400,Cumplimiento,944,26924,equipo 7,agil,"Aug 24, 2023 2:45 AM","Mar 24, 2024 3:46 AM"
500,Operaciones,290,33166,equipo 5 ,agil,"Nov 4, 2023 5:09 AM","Dec 18, 2023 7:04 AM"
200,Payments,649,12108,equipo 3,hibrido,"Oct 23, 2023 5:47 AM","Dec 1, 2023 3:24 PM"
200,Tecnologia,529,12549,equipo 2,hibrido,"Dec 17, 2023 1:06 PM","Mar 30, 2024 4:55 AM"
100,Zona Libre,418,30160,equipo 5 ,agil,"Jul 3, 2023 8:31 AM","Feb 14, 2024 9:57 PM"
300,Cumplimiento,388,23626,equipo 3,hibrido,"Jun 26, 2023 2:27 AM","Jun 25, 2024 12:28 AM"
500,Corporativa,884,27992,equipo 5 ,hibrido,"Oct 3, 2023 4:18 PM","Feb 9, 2024 2:04 AM"
200,Credito,714,38025,equipo 4,agil,"Mar 26, 2024 7:44 PM","Mar 4, 2024 8:23 AM"
500,Operaciones,964,29785,equipo 6,agil,"Oct 12, 2023 4:25 PM","May 7, 2024 8:49 PM"
300,Zona Libre,551,4624,equipo 4,hibrido,"Apr 6, 2024 7:04 AM","Mar 30, 2024 1:12 AM"
300,Payments,689,4923,equipo 3,hibrido,"Aug 9, 2023 4:36 AM","Jan 25, 2024 9:35 PM"
300,Tecnologia,565,27652,equipo 7,agil,"Sep 11, 2023 8:21 AM","Feb 11, 2024 10:58 AM"
300,Gente,747,24990,equipo 5 ,hibrido,"Jan 19, 2024 8:52 AM","Oct 22, 2023 4:32 PM"
100,Payments,588,44697,equipo 6,hibrido,"Feb 1, 2024 1:59 AM","Apr 23, 2024 8:35 PM"
500,Cumplimiento,886,13344,equipo 4,agil,"Oct 14, 2023 11:25 PM","Aug 9, 2023 11:56 AM"
100,Payments,328,15321,equipo 4,agil,"Jun 11, 2024 6:48 PM","Nov 30, 2023 3:15 AM"
100,Tecnologia,822,14967,equipo 2,agil,"Jun 2, 2023 3:16 AM","May 2, 2024 11:10 PM"
100,Cumplimiento,728,31594,equipo 4,agil,"May 13, 2024 7:52 AM","Jul 23, 2023 10:38 PM"
100,Credito,300,6649,equipo 6,hibrido,"Sep 27, 2023 11:47 AM","Jul 16, 2023 4:21 PM"
300,Credito,710,24410,equipo 3,agil,"Mar 25, 2024 12:01 PM","Jan 11, 2024 6:00 AM"
300,Credito,367,12484,equipo 5 ,hibrido,"Oct 14, 2023 10:43 PM","Nov 15, 2023 8:38 AM"
500,Cumplimiento,806,3398,equipo 6,agil,"Feb 8, 2024 10:22 AM","Apr 13, 2024 7:57 AM"
500,Payments,517,4668,equipo 5 ,agil,"Oct 6, 2023 6:44 AM","Jul 26, 2023 10:38 PM"
300,Gente,463,2241,equipo 4,agil,"Feb 1, 2024 5:52 PM","Dec 2, 2023 3:25 AM"
500,Zona Libre,347,39919,equipo 2,hibrido,"Apr 3, 2024 3:50 PM","Jan 19, 2024 10:02 AM"
200,Payments,769,37131,equipo 2,agil,"Jun 24, 2023 4:58 AM","Oct 10, 2023 2:30 PM"
300,Zona Libre,672,11495,equipo 2,hibrido,"Nov 1, 2023 1:19 PM","Oct 31, 2023 11:25 PM"
400,Zona Libre,750,41995,equipo 6,agil,"Jun 3, 2023 11:30 PM","Feb 17, 2024 5:00 PM"
100,Credito,842,39254,equipo 6,agil,"Aug 24, 2023 7:15 PM","Jun 15, 2024 5:16 AM"
300,Payments,579,18614,equipo 4,hibrido,"Aug 14, 2023 8:16 PM","Mar 21, 2024 10:28 AM"
300,Cumplimiento,334,39489,equipo 2,hibrido,"Jun 22, 2023 12:50 PM","Apr 15, 2024 2:21 AM"
400,Payments,544,34328,equipo 3,agil,"Nov 20, 2023 10:43 PM","Oct 3, 2023 10:47 PM"
400,Payments,979,18412,equipo 5 ,agil,"Nov 6, 2023 1:15 AM","Feb 18, 2024 7:11 AM"
300,Credito,820,8931,equipo 6,agil,"Jul 19, 2023 1:28 PM","Aug 6, 2023 11:31 PM"
200,Gente,992,14551,equipo 2,agil,"Nov 8, 2023 2:42 AM","Dec 18, 2023 1:51 AM"
300,Cumplimiento,899,31139,equipo 3,agil,"Aug 2, 2023 6:25 AM","Jan 21, 2024 10:11 PM"
500,Payments,404,8891,equipo 4,hibrido,"Sep 18, 2023 7:24 AM","Mar 19, 2024 5:18 AM"
400,Payments,444,2844,equipo 5 ,agil,"Dec 18, 2023 8:24 AM","Sep 26, 2023 9:56 PM"
400,Corporativa,676,22491,equipo 7,hibrido,"Mar 9, 2024 12:13 PM","Jan 9, 2024 8:20 AM"
300,Cumplimiento,973,39263,equipo 2,hibrido,"Apr 16, 2024 11:10 PM","Oct 28, 2023 8:18 PM"
400,Payments,962,24435,equipo 2,agil,"Jun 28, 2023 9:55 AM","May 29, 2024 10:18 PM"
400,Credito,892,15322,equipo 5 ,hibrido,"Aug 8, 2023 10:45 PM","Aug 7, 2023 6:34 AM"
300,Zona Libre,626,26480,equipo 7,hibrido,"Dec 18, 2023 10:28 PM","Feb 8, 2024 6:04 PM"
400,Credito,905,37424,equipo 6,hibrido,"May 2, 2024 11:57 PM","Sep 20, 2023 12:37 AM"
300,Payments,629,17569,equipo 2,hibrido,"Jun 19, 2023 3:44 PM","Aug 27, 2023 10:20 PM"
100,Payments,772,31217,equipo 5 ,hibrido,"Feb 7, 2024 8:33 PM","Jul 23, 2023 6:52 AM"
200,Gente,577,36486,equipo 2,hibrido,"Feb 5, 2024 8:52 PM","Jul 11, 2023 11:22 PM"
400,Operaciones,457,28225,equipo 7,agil,"Oct 13, 2023 9:08 AM","Mar 15, 2024 12:40 AM"
500,Zona Libre,809,14882,equipo 4,agil,"May 18, 2024 11:56 PM","Oct 21, 2023 10:57 AM"
300,Payments,269,44925,equipo 6,agil,"Sep 22, 2023 7:09 AM","May 13, 2024 5:48 PM"
